"","x1","x2","x3","x4","x5","y"
"1",0.322834440812456,-1.56148164270171,0.0214229355276724,-0.14846230770477,-0.36014327029725,4.00824649660748
"2",0.387378946747203,-0.600742215457456,0.624440161436357,0.62767018943451,0.41261319199905,2.6986831710871
"3",0.0242626590997449,0.11030244180477,-1.43262980571974,-0.864301748643935,0.366397488792304,-0.353986151270029
"4",-1.0477331693286,-0.246192202870536,0.77517446896089,-1.90469477311265,-0.947844305006884,3.04562747980891
"5",0.52931598451118,0.04908820397164,0.211597458956809,-0.828890574056183,-0.88365371674825,1.82372278019764
"6",1.75433593216432,0.176984863028731,-1.52943020875219,-0.0495613728892148,0.552070834112185,2.61651193250201
"7",-0.833607984706836,2.03153036502618,-1.51278441924093,0.116590471763524,-0.333747668240552,4.24084106681079
"8",-0.996673208740509,-1.36981024913227,-0.499286418188394,2.26992022098575,-0.637028975367306,1.79898557315151
"9",-0.316450454254766,1.0590116367427,0.452695571990114,-0.599261587974502,0.251512882121001,2.13310002506972
"10",-1.19574585919717,-0.903583146013998,-0.237156888893133,0.115191488934807,-0.492185487612494,-0.915348631946955
"11",0.00385890381520721,0.803626483192125,1.49848888511713,-0.116711309529895,0.95625853628989,4.36077266192335
"12",0.565424290558316,-1.04300609452956,-0.575435378308903,-0.898589417468078,-0.106875784706296,0.441461035355079
"13",-0.259214302494811,-0.431798997139754,0.6524132681801,0.198382877346729,2.95218543066885,2.07102628009779
"14",0.201144264507349,-1.12567803708064,-0.985925745399119,0.458701003797812,0.931660741844985,1.97410400686579
"15",1.50903142235509,-0.1785863170292,0.0868171387717651,-2.28253779173023,-0.0666266103762797,2.88055795886604
"16",-0.383154625161401,0.245277102577065,1.0407737150834,0.0995414028762918,0.758886858681569,3.14865382606418
"17",-0.342108587542052,-0.797975721633586,-0.106041814510053,-2.22162738711911,0.394979783474296,0.92946503698415
"18",-0.101560802133457,1.40907489449066,1.14989104749336,-1.48709823959548,-0.0021781119489025,3.76811763911489
"19",0.591478478728296,-0.178532614109888,0.50060928560775,-0.856739838869984,-0.412618476547957,1.78526820156159
"20",0.359525203283618,0.265658080894522,-0.199067449026874,-0.335208242363228,0.863603069788144,1.50481290621272
"21",0.547304521023807,0.118664596880206,0.15214707234261,0.142703149916512,1.78347933785691,-0.702249564146984
"22",0.636407654815366,-0.430528838574093,-1.00150612169637,-0.0501507416719637,0.000570055986944428,-0.335934202153368
"23",1.43774512600222,0.409248523934738,-0.532851719130162,0.247453356438186,0.0158790766358855,1.94789022005207
"24",0.664782792957732,0.645893626091308,1.62563805578527,0.392733140311005,0.151943063110737,6.06002704747389
"25",-0.264331229801034,-0.86210838249793,1.07872667522157,-0.715740207819349,-0.28088195463407,3.08704184090923
"26",0.263397887081608,0.0993861034802097,0.467568633706843,-0.102636126730311,-1.48735221752743,2.96454592588091
"27",-1.02984147438648,-1.06376082306086,0.176608713073771,0.0123812641299979,0.0313468539322614,1.22307021463967
"28",-1.01909978102358,-0.13343898070003,-1.05728554978756,0.721259107915068,-1.70554134730848,-1.27344451674822
"29",0.215615870670652,-0.0337746728258617,0.23369616866179,0.160491049981009,-0.197853765960267,2.4739721022388
"30",-1.40675558301054,-0.60283677931669,-1.03938049660345,-2.2711528512947,-1.14764753447744,-1.45039828944762
"31",0.0125913698166025,0.713704982593909,1.63246102362234,-1.7008859480075,-0.173163390297909,5.74872822971581
"32",-1.38173502110707,0.537440103864855,-1.36759968964373,-1.88068989909841,1.65355475966226,-0.577865034307948
"33",-0.674388334104155,0.306908529651009,1.28086258274322,0.563067164671775,-0.342047661775277,3.82669060228342
"34",0.249220017887501,0.0844295232853021,-2.12808321861726,-0.0666991252697796,0.688623479841738,1.33096867242874
"35",-0.720420358437853,-1.18996977118806,0.392766958342527,1.68305518961126,0.847620135711372,2.73738778298381
"36",0.317570702349021,-2.03515516724663,0.236728242101146,0.832480161280932,1.27492711810493,8.42489740216756
"37",1.40273937302867,0.294983082156819,-0.784907083004872,-0.604241272171584,0.878778364081491,0.810760430481927
"38",-0.510645720930093,-1.62303076424979,0.919530807749792,-0.183140243469086,-0.570826671044709,3.39246827488166
"39",-0.177644303035232,-0.222292395656508,-1.31495740012077,1.26514354842915,0.146557742919088,-0.0725892134823218
"40",1.18438063295893,-0.235447441394611,-0.43792341833581,-0.336939387714645,0.548875599975156,1.17807718178955
"41",0.502249211520521,1.73856111562965,-0.844719591942331,-0.263250965453975,-0.0580905287630583,3.37681010426313
"42",-0.0894612727751114,-0.603802032342638,-0.47202531416659,0.101169493247493,0.715192851767915,-1.72185082275528
"43",-0.466162399228124,-0.415161312969656,0.494856231085458,1.69049839570664,-0.068046161326389,0.613597774002602
"44",-0.025877383605252,-0.366837971099663,-0.703698919861807,0.251989026797881,1.29453386849401,-2.05902890475655
"45",-0.550866382292508,2.31759379636929,-1.00435619783237,0.324065987346843,-0.0495926514355101,4.25257186002355
"46",-1.7893133568427,1.93595257337624,1.3301100021339,-0.914716439720471,0.697425095514184,5.09129036983086
"47",1.22813682407062,1.30466807151072,1.64521708787697,-0.355285616561038,-0.257531853851895,8.00514523291062
"48",-1.64578428406765,0.896784567544051,-0.875218799203732,0.569223473186369,-0.375416763805598,0.201718572571657
"49",0.317942440602634,0.274691300374777,-0.543134592067055,-0.913758036589113,0.489258801404203,0.157943166128652
"50",-1.18116317720205,0.658078269245778,-0.171339782265643,2.37243754510609,1.19108655875414,1.70461583625662
"51",-0.580041491155804,-0.707718877765173,1.09911502680425,-0.315733704376184,-0.0214818712292576,2.74013744492139
"52",-0.55613094999526,2.00850892035939,-0.349127873264998,-3.30173787307081,1.46651535203655,4.45351518439931
"53",0.884328693852124,-0.306141197784321,1.64673349694613,0.172147352176534,-0.0331547110786681,8.02432900180726
"54",0.448103527951485,-0.991169166615848,-0.1907480752489,0.508994090474459,-0.28681975069389,2.0965803683269
"55",-1.37628592495856,-1.69164927534437,1.83854936834891,-1.01717429349527,-0.106293953554836,8.92570793228216
"56",-1.39057003599349,1.30069147269167,-0.186087925875615,-1.8555512663759,0.426690350260581,0.979092014825117
"57",-1.26250084505909,1.14802046488136,-0.27190980409261,-1.49090658693921,-1.56687782727805,0.599779373128528
"58",-0.708258136899423,-0.455609975484467,-1.48358105002584,-0.56836369317154,-0.979017175716723,-1.04064639644711
"59",-0.283725612540627,0.931715943083801,0.0231197100053563,0.919684630247906,-0.264728452766315,0.431851330306419
"60",-0.0593166440669023,-1.81803905889524,-0.172878654534218,-0.058497444355001,1.26224612644262,5.04268018131658
"61",0.850226598882041,1.21190440560187,-1.33445807964787,1.04529927569569,0.140365295161718,2.79352987471136
"62",-0.0511144570111514,-0.795575095518979,-0.549039255575426,-1.67658226482767,0.0539751265738548,1.34199079362916
"63",-0.00153560465078013,1.12279237673749,-0.0247886652175782,-0.121194914247385,-0.786657731001373,0.89885486891186
"64",0.790468227700747,1.33893716982185,1.00300855097427,-0.518118272278874,0.22182794086158,5.87116525643369
"65",-0.241121492533982,-0.729020858508947,0.936923528592028,-0.0637284468848381,-1.22955582152594,2.5966896037177
"66",-0.716834977452744,0.252573720665588,-1.73009604397352,0.590550133926845,-0.00823765342564531,-0.142005627012368
"67",-0.710001176837115,1.37953397821584,-1.21550029326682,0.972492359076645,1.14512031191684,0.25760698339994
"68",-0.0547562446720489,-1.21584666751253,2.21077860739636,-0.399129687359191,-1.77873538639599,12.2355969615509
"69",-0.157572001969186,-2.47697040917229,1.01373310354483,0.131739513744545,1.3202207840945,7.32007224505349
"70",0.905773024434579,-0.484150699827551,0.312805054765375,-0.61307574666907,0.906882129983001,4.08082070733809
"71",-0.265025792031782,0.804337141412027,1.18968479359915,0.718965550318765,-0.289675391614522,4.93689567933926
"72",1.48567993156702,1.16388664715127,-0.316015858913207,-0.464444423230489,0.990688650865585,2.75308786599872
"73",0.98872581371852,-1.96674958086353,-0.173262642531756,-1.36664740636359,-0.628975007232914,6.66835007234352
"74",-0.0897006049372831,0.167235333650158,1.46828540546113,-0.221595908977775,0.63173393332652,3.79666701849781
"75",0.948698234688939,-0.441139874284438,0.244192717627805,0.500982923368495,-1.09248220910919,0.953292087373354
"76",1.65244559337904,-0.33929828631172,0.237470986661501,1.01977185602247,-0.773374498546236,3.80398712906813
"77",0.166821390674998,-1.12874160203559,0.378599550757689,-1.77009925348474,0.129559412830633,4.15038547016868
"78",-0.0189797154184202,1.36834749761226,-0.380255316941637,-0.39843053511865,0.988275822194489,1.68544775296639
"79",0.118003517849091,0.532407088291748,0.214657169175338,0.892459671870376,1.33423702752407,2.20727938840693
"80",0.144775880948464,-2.30158427055435,-0.956371726118541,0.221850280668668,1.38378217046302,5.4405341700879
"81",-0.866137966468903,-1.44046925682035,-0.455600679271859,0.336370311200737,-1.44853731152957,1.95243164331336
"82",-0.133631575680548,-1.45277329362947,-1.50904983376395,-0.792374373215475,-0.127224949907386,2.6575686659402
"83",-0.951900472665962,1.39469970543864,-0.306665157013996,-1.41127428699281,2.11591271490499,1.20280547409709
"84",-1.1173126541239,-0.398276382426165,-1.00255146405104,0.577312792794681,2.26965629887306,1.84923538555613
"85",1.27563702583131,2.08004404813031,1.24855317283206,-0.554395674727792,-0.20830300538486,9.41742816774769
"86",1.08434204361001,0.539042569738184,-3.46263409789572,0.512129510211093,-0.00666589487016874,0.10949608746298
"87",-1.13762256411,2.24313285364948,-0.303665851193248,0.971297175645986,-0.434180978837732,4.93632014358685
"88",-0.488237081978468,0.149310909491071,0.333508053225208,1.40186084453728,-0.839427725349895,-0.269512644458513
"89",0.320352417142193,1.0502411358123,-0.0649632668436819,1.14256306318865,0.819818094423204,0.298796964993561
"90",0.450562797390339,-0.155362924397099,-1.00375012446602,0.200680378604971,0.617072369293429,-0.108413465373868
"91",-0.729959827100155,-0.46917612907293,0.616129509189496,-0.890751665748092,1.11376615467373,0.369274718115117
"92",-3.35798035260677,-0.364211536038896,-0.271812693891835,-1.13654357003976,-0.963945181523987,-2.5944918631074
"93",-0.493807903162382,0.746259013711734,-1.14366699332563,-0.552179915784983,-1.99158562565683,0.471799500450597
"94",1.30825844654022,-1.03392169785778,-0.511049636864498,0.296261431462778,-0.336486361212189,3.53506854715759
"95",1.04329145442789,-0.632878995090128,-0.418401562882015,0.715548295445369,-0.952065908907197,1.00760829312642
"96",1.26156976874324,0.353986381472668,0.654656127841988,1.32095502994234,-0.0491775741276487,2.87940010189463
"97",-1.60381455606746,-0.577937104336049,1.28341422854854,-0.95268327601321,-1.11502968210131,3.28216932217163
"98",1.6224551709905,-1.03009903358718,-0.750257275985211,1.1588457453606,1.07707975726412,2.87674737461116
"99",-0.97472087271204,-1.64353740412724,1.09209704263293,0.880548831503599,-0.426623685793656,5.02508820891051
"100",-1.65508311573345,0.0798992575390356,0.339613852433095,1.22884906819079,1.02818008127316,1.2902296308281
"101",-0.652902670175803,1.09104456073028,1.3518901292265,-1.94078096288059,0.65650067892853,4.93811323816981
"102",-0.0862510609521907,0.573865260098514,2.02854907080548,-0.743114278325338,0.518811079060695,7.47149105170345
"103",0.746856838752659,1.2989252893489,-0.0329325896534455,-0.862462934484444,1.47524454377713,4.07570793923376
"104",-0.939359071262643,0.950752156220912,-0.0128573010633457,-0.125240247394953,0.538629483667645,0.0326136157445626
"105",-0.533821917982344,-2.94364685324184,0.207974119401002,0.890474820940877,-0.439123243788294,9.50329903919729
"106",-0.982440928325296,0.877792763044652,-1.60750704784323,-0.721966852502054,1.1184078984271,-0.125897374831668
"107",-0.465571384027319,-0.448620475999247,0.496227230220281,0.211746356889973,-1.17469387928543,3.14671459982467
"108",0.441818408560488,-0.138489360482571,0.347939642456918,0.892276505930006,1.28509284381138,1.68648277442409
"109",-0.112869872194704,-0.00964433201400835,0.419201918808499,-0.0902793072389491,1.81373025243953,0.298049201813168
"110",0.0153294153791423,-0.0809360277592508,-0.0538575992566269,-1.19092592757076,0.345756231090597,0.907651568552406
"111",1.92509743219857,0.301610130656162,-1.43372024975353,-0.706526578369575,0.286167002422215,3.54808922866775
"112",-0.723204360804768,0.439161263569164,0.952858836028692,0.258210603034889,-0.757314282572945,2.00680905635009
"113",-1.22910284831719,1.33564220174768,-0.90810103905739,-0.731359105010639,-0.366639737253602,1.27780654856743
"114",0.389558902046158,0.872594640750758,1.72701962089277,-0.801599531602583,1.09081705025295,7.14530321078604
"115",0.130655850961246,1.03326293915379,0.550894618073539,-2.50909010641481,-1.57902822810969,2.89791444796673
"116",0.483601345144336,-0.15990803830997,0.431056007267356,-0.105597728994877,0.683602022152968,2.22059975719288
"117",-0.0642607984700847,-0.0739726108687188,0.176780894819908,-0.810106734030162,-0.267254735426291,1.14238664647251
"118",1.29140918324829,1.03248600750031,1.16748292199483,0.32455328475181,-2.20046774162176,4.78637290589962
"119",-0.484669627215309,-0.413994989718312,-1.72997986652277,-0.693913899797437,1.79879358719394,-1.77981199139022
"120",-0.95692295805519,0.0704789145819895,0.622339996102254,-0.797762032745887,-1.24815105424995,0.257596821516945
"121",0.538505376420032,-2.50641199019922,0.345757432384135,-0.381744763149838,0.871765340542411,8.72587162741317
"122",-0.0631795184459669,0.485023178538387,-1.61046714693067,-0.0202024329013392,-0.0777122192714093,0.858726560368034
"123",-0.139496452409659,0.453754397321479,0.331662032491531,0.505015831811622,-0.0673045381110331,1.94345908545182
"124",-0.318829838640051,0.49623003362733,0.284276947307938,1.72238104651049,-1.19669928127203,2.93184899390746
"125",0.60677233921293,0.691431088593077,-0.0779820656745237,1.80806600962166,-0.657381612541512,1.23560306939909
"126",1.39784924729758,-1.37839032095774,0.965528956612858,0.121213600603558,-0.216370450579211,3.90319245450058
"127",-0.386940208675153,-0.741140744798492,1.03109301016115,-0.948416553252456,0.654721552868483,4.96138192632016
"128",0.675702759336893,-0.596969420687197,-1.03298538260981,-0.779223002123541,0.473563534270846,-0.391871381418223
"129",-2.46856849671723,1.08557769546756,-1.44521731477596,1.90631974905768,1.5580678819565,-1.6332816135884
"130",-1.37616007258529,-0.267894347662802,2.281643803015,1.00641486232705,-0.582153282040572,10.169898216761
"131",1.18037328536648,0.14132550560249,-0.647352989957669,1.83452944801615,1.04770001733988,2.27216999263313
"132",-0.554338590605104,0.992425894996392,-0.316042370480894,0.722972246456547,2.45791552316626,2.30109127236496
"133",0.292535322545084,2.20045615586015,-0.566025711166174,1.08063469780291,0.333985387263827,6.2924866339734
"134",0.345931889617751,-1.59624105383743,-1.99104086412632,0.245402125446236,0.288766636876503,4.26352609525583
"135",-0.00855782713859995,-0.155135659617555,-1.73532326249909,1.32511441483141,1.17729589615189,0.358388694024107
"136",0.803240998922291,-0.20498133740079,0.0431334457695938,-0.833210300599678,-0.50550696156098,2.42430978753745
"137",0.187715903592036,-1.57437319900824,1.80795260612397,-0.978421091757478,0.745819706746075,7.54096977311515
"138",-0.458730848046569,0.349911601692621,-0.246471120439577,-0.949422721964995,-0.454174813959791,-0.239823603003279
"139",0.0533613898746886,-1.10463930741276,2.37875071945777,0.0429693595679176,0.487727762778341,12.6263599665737
"140",-0.319041766011569,-0.00410873551032239,0.492762160121709,-0.968830305221802,1.65507936498695,1.26510262059818
"141",0.12532231119854,-1.78690811152313,-0.763447584051841,0.543417725464324,0.24567605528142,4.59037759116777
"142",0.621002601081165,-0.778268507322705,1.21359260507797,-1.39133132467224,0.134042395822524,6.56995830054908
"143",-0.0251933757538656,1.08528672333542,-0.00419814126342462,0.886536429940207,0.106344685036122,2.46351621872495
"144",0.417298494035968,0.770396202867134,1.16628645567196,0.618793204056002,1.09528169069984,3.9676332943308
"145",0.105284768022091,3.36532128093303,-0.370313274869813,0.72686921329667,-0.513008067433772,12.750851178238
"146",2.59528249727072,-0.358506466088141,0.289056379911595,-1.21747489021848,-1.72590047247077,4.1054745085103
"147",-0.349177145707761,-1.00488747778212,1.30686644355142,-1.55695454082977,-2.11399231910753,3.78068360392848
"148",-0.225339211278523,-1.82463887900164,1.50746007470393,-0.530662757720592,0.459132550305417,7.00407608142687
"149",1.41260173970447,-0.183501661911798,1.71854348677805,-0.23566439010143,-0.25963587858692,7.51241613054583
"150",0.483119144184706,-0.388238069528295,-0.941858607491284,1.21234258880045,-0.315993272570086,0.864310042894995
"151",1.05393000904596,0.66670510613042,-0.0339988374455979,-0.50429600873611,-0.489626053079868,2.44266914510842
"152",1.059605975078,1.14454992978385,-0.511225001846803,0.024859196281484,-0.439184372286424,2.39881579040358
"153",1.74015622319473,0.978965926294895,0.626904832514815,0.865524069441146,-0.0618041393327517,5.04432186193335
"154",-0.741254774463195,-1.79887012009739,0.871713240671642,-0.579938615864099,-1.46371013641655,4.55493457768798
"155",-0.0672701711912407,-1.76352714093035,-0.800816783070721,-0.730888281554503,-0.59333522499501,4.00111382880553
"156",-1.34097544608447,-0.475585946955129,-0.355027716421005,0.206320252864046,0.770657997741972,-0.262382023041972
"157",-0.412459795598741,-2.81005872207984,0.318426047658552,1.10914293489539,-0.763732746386995,10.4623487415837
"158",-0.765948882445898,-0.0698137099034375,1.99021561492405,0.359203861187244,-0.797632902464911,6.90023994606659
"159",1.06019104598488,-0.203623877318176,0.516881756542053,2.60877382317765,-1.07065496822863,3.07690500013751
"160",1.488219115617,0.760172945218513,-0.927681829302948,-0.433018479493099,1.12128059419223,1.88340987391082
"161",0.455379752908436,0.582414969675621,-0.783760495397641,-1.24996990086094,-1.04115711777583,0.6631740387879
"162",-0.133477901882766,-0.101351715841496,-0.258369199336975,-1.90612174220258,0.356981619308421,-0.120264815257436
"163",0.946039038909336,1.00617378432203,0.0621195438627949,-0.0232704212994785,-0.525253400044809,5.62875741167316
"164",2.2213825160255,-1.35072884239319,-0.489323038075941,0.226402841613275,0.636812562768413,3.99560419151414
"165",0.194904764701508,-1.19580396338032,0.160643883309648,-0.302600776468885,0.837224138762146,2.67655799903357
"166",0.996254734710105,-1.43396472895623,0.653855216226604,-0.864168788106107,1.69248604181187,5.23983066453511
"167",-0.0559384074627809,-1.80792184215447,0.162981142088137,0.819072198518199,0.206549073334144,6.36729951523621
"168",-1.21264495424004,0.431304586993839,0.95484497273555,-1.68429282767707,-1.90727092518295,2.40680514545585
"169",0.0210725217431869,-2.77889566330014,-0.220915097299731,0.0343918758719275,-0.202748956400076,8.45346962738554
"170",0.720009573609312,1.2903659754944,-0.555840283217946,-0.859624969086571,-1.46393383910598,3.56429405737405
"171",-0.653634867032421,-0.564272077679631,0.235932345492456,0.311610377973661,2.02491571038152,0.390525171745693
"172",1.67895324488374,1.24382062571838,-0.52904316425618,-0.612516820351551,-0.840737695508943,3.13036969573098
"173",-0.0575208409292814,0.0788076363469622,-1.06647667520134,0.695422893441017,-0.500909792631222,2.21372312006529
"174",-0.873713766039284,-2.06094418429866,0.141870302985434,-0.221408641506352,0.708302444856291,3.95624311210003
"175",1.35077047203171,0.1180408219335,-1.1334272024955,0.233757832877259,0.211858130678108,1.70377720747229
"176",-1.00971082862222,0.67838342254803,0.703237166925557,-2.28919468950031,0.844364590592863,1.79629386415251
"177",-0.69182275324402,0.392963573364868,2.79099079918458,1.48867441599636,1.15356497117457,15.9962031500419
"178",0.201486461226733,-1.24748628550221,1.28190820689199,-1.21526320664734,-0.2446757515858,5.4755765395211
"179",-0.565279187335308,-0.161294405091016,0.315877535758165,1.10984570428646,-0.727483918317314,1.63962385899294
"180",0.731207795537682,1.24497439967627,0.97758285263908,1.40535367080728,0.175149911812075,3.93534003132027
"181",0.367954189653555,0.198906524246167,-1.45379722185134,0.22222416841553,0.92631157595463,-1.17318448915851
"182",-0.224074445149555,-0.0955819449541469,0.141866758438128,-0.0756817455046811,1.97256445537132,1.04541858296376
"183",0.722436210401367,-1.43552893397266,0.567735920212489,0.805489776332282,0.110884420339682,5.17543183797117
"184",0.465079078818472,1.37465230248904,0.0945066875069952,-0.696171030530881,-0.703163756025196,3.53861789049046
"185",1.0451340242131,0.29294903459312,-0.158280375876535,-0.33262578289245,0.77269628204957,2.04437898508602
"186",0.444890553925739,0.632590337104615,-0.594636493980773,-0.553288830754073,-0.60102734601094,0.169620593999886
"187",-0.715712014672741,0.902634265354007,-0.516976388252077,-1.49769038234625,0.186440767304038,1.64533009894375
"188",-0.423249869164705,-2.64415668517395,-1.72447800220548,0.862144107801239,2.39436101080557,7.18095589292311
"189",0.94881104910525,-0.758270875293623,1.30389465080466,-0.481925254010327,0.454380004550271,3.92062501765146
"190",-1.16994414827068,0.509522886651609,1.5150901233708,0.264793835001807,-1.43340550583695,3.40423027714569
"191",0.666852749841778,0.18735498839563,0.182024918605642,0.0333385698800585,0.387323503411804,0.232334967966361
"192",-0.154885724193162,0.408848726583527,-0.725494571893791,-1.24204840137471,0.106665418879709,0.811340425275375
"193",-1.36768765178216,-0.787511933854113,0.206220297088682,-0.762685819088873,-0.737485925549276,1.56477213088639
"194",1.705244970908,0.0345884441941659,-0.386725657511072,-1.06084027168966,1.2800649943701,2.06743622757701
"195",-1.12325374232689,-1.32481814277661,-0.494643259044731,0.062301778273967,-0.954549043280802,0.193513042089439
"196",-1.45026747559993,-1.48951238091223,-1.63063402491617,0.65817282192596,0.711457136848206,0.69592775474204
"197",-1.30483000256761,0.222184157042301,-0.61039927473845,-1.84451176386771,1.77064284513078,0.0320885990855446
"198",0.29909378454413,-0.132489239873055,0.821030403991574,-1.66839350228282,-0.174183890659108,2.78566838897608
"199",-0.184215388074196,1.58405185429259,-0.652688649670988,0.0509727450813525,0.226590467382394,3.2655236045714
"200",2.0490773166215,0.527770847879308,0.313818230673519,0.475026160759872,-0.241133279341159,4.5921821632155
"201",-0.582686009543272,0.33443758452273,-0.264647499930714,0.357273568568617,-0.220989453142135,0.344558211239737
"202",0.277689324117847,-0.422262784872812,0.260306473860693,1.19767778767531,-0.621309223310391,1.18962053494667
"203",0.397317153653623,-0.733829894062989,-1.60939970031541,-0.468828264008051,0.222027018459863,0.408352827749542
"204",-0.225800474322887,-2.41176826962932,0.685350887916457,0.0772407827352284,0.0202189351226188,6.43773134773331
"205",1.26879552448521,-2.02943956611531,-0.599904296061934,2.31518286492255,-1.49846378030556,4.77328109447154
"206",1.8718537861978,1.61215132543284,-1.1399300831965,-0.5156072361593,0.326115215848896,4.24169868319047
"207",-0.122277511546608,0.368345027260819,-0.402678966919442,0.374521955481706,-1.71772538782816,-0.352438817276469
"208",0.261668815383489,-0.909764414332549,0.178057761699635,-1.6588186757604,0.917286534021944,3.54709852527867
"209",-1.29470512212245,-0.986610956027798,-1.19563432531149,-0.26825622651153,-0.581503746645821,-0.0939408185165784
"210",-0.0254996318256093,1.75565208186196,0.0643482456010192,2.92705344888184,-0.714740921530735,2.8500654284714
"211",-1.30014827667525,-1.42023842325507,1.61464053842131,-1.14099087034143,0.267592708894338,4.64011203445617
"212",-0.0817550335600454,-1.03720827397986,0.669894657284095,0.842582328692684,1.02542311042665,1.64194497993209
"213",0.0229406380029193,-0.509750307637938,0.686227586705219,-2.15778242172056,0.387125337016315,4.85340852263697
"214",-0.0157214284624483,-0.462121139104212,-0.82386383242798,0.756754014306165,1.41446687188656,1.40644209270117
"215",1.44920939085503,-0.534813807198193,-0.259114260459468,-2.41967891173519,0.639729101073441,2.61764391728021
"216",-0.92904886875592,-0.394852844673504,-1.97154043035696,1.71780966761721,-0.808612200391242,1.81811819003415
"217",0.0541368668882785,-0.0270286589433667,-0.109881351192494,-0.586349297127793,-1.43729450179285,0.721176996820937
"218",0.126493613313977,1.02102776155948,-0.832871195213506,-0.597700512719155,0.340928670799501,2.42040923908664
"219",0.398846199548061,-1.83822525841493,-1.52468851991515,-0.433294628524341,0.495867071695937,3.03550626198997
"220",-1.8635129223533,1.13408364670654,-0.590223133678674,-0.838101548544272,-1.61382277492554,0.243625243925592
"221",0.538081306613412,0.262329877343738,-0.0698104681784846,-1.0260220405459,1.74295464093535,3.67070735182126
"222",-0.728179850028217,-0.584770530824231,-0.606030665794993,1.35785054455546,-0.800418172369852,-2.10634949591603
"223",-0.966229358442315,0.613302130022883,-1.77256653660319,-0.0974713704230539,-1.43469558760374,-0.346999053569451
"224",0.0515116886954803,-0.0691596085628936,0.499397081100794,0.0993453439968598,-0.883002438893051,1.64992462705978
"225",-0.311206336810701,0.55109214300961,0.145198323518147,0.275287776873266,-0.438752793558507,1.6169311407881
"226",0.522164766745261,0.977695744918894,-0.112114136542122,-1.14936486230512,0.367191405528053,2.29476369977455
"227",-0.500181433862272,2.4382993345553,0.284967397875736,-1.10112787710279,1.99382437410869,6.3205038809126
"228",-0.591120898093675,-0.436165812842895,0.173075805589225,0.0919113924863622,0.0854032689283365,2.47292501324095
"229",-1.5638282935726,-0.523435527119214,1.0284113251,0.272705164197646,-2.2577510004896,1.2550610096767
"230",0.100295527583699,-0.300193454808019,2.39922066382773,2.95265141340049,-1.18404060733426,11.8948039857138
"231",-0.880547605281257,1.47633685340875,0.860792786450034,-0.428134073415763,0.289274665416773,0.42099436183466
"232",0.0143055015150259,0.4592871032374,-0.0749408624129099,-0.51834388446411,0.741299546453712,0.91176319337954
"233",-1.86163712802482,0.20411684964906,-0.108061516421347,0.977339948098163,0.0543050425397626,-0.799592200466455
"234",-1.83956641331989,-0.827283510616394,-1.3628921384812,-1.50734554034916,-0.208590901264073,0.325338429012434
"235",0.979974857086266,-0.723390521947796,0.258120855016788,-0.273061104459046,0.0155724304568288,4.01542943323946
"236",0.584336816884078,-0.45462198417097,-0.49544369238421,0.51058819957285,-1.18297033602677,3.0303798173447
"237",-0.333537267612253,-2.06871320201185,-0.169391645670028,-1.24476869701353,1.07153569840018,5.02199296639077
"238",-0.769410461589141,-0.200269621582942,-0.0173272571026189,0.702791938315818,-0.222991742501607,2.0283191279383
"239",-1.07519832407729,0.404960861553639,1.25337979522804,2.23587941411966,0.566622512624049,1.81164324039034
"240",-0.8912773711886,1.47960452656568,0.0411087830674651,-0.204661872838849,-1.71042674962483,0.794877976651146
"241",1.74755688654815,0.757031234960866,-2.17395805205396,-1.4481280433944,0.258818902485152,2.71978858712895
"242",-0.219807775051971,1.16339230726738,0.626024652279165,-1.8393349902343,-0.31659589850329,3.03937589332249
"243",1.03789540954393,-1.3872011734071,-0.126327378093877,0.0691496662687539,-0.382388639792931,3.21391937734058
"244",-0.253559721442224,-1.58216497391755,-0.953839588816979,-0.928576854400278,2.07540072504653,2.7719076694067
"245",0.753907808549042,-0.340751303861581,-0.592853103647443,-1.4769070920796,-0.564968735196507,0.692252530059526
"246",0.140673668302162,1.04844331050144,0.0494490235351392,-0.637658015679689,-0.285549856200471,2.17815594938437
"247",-0.169927621323836,0.469410459519559,-1.11266657727334,0.107168602397372,1.40472261874956,0.498707457093893
"248",-0.935898711543222,-0.323477735274066,-1.62486862319647,0.998611832325448,1.18503594746519,-1.84836364006592
"249",-1.19620005501858,0.964483231773704,-1.38580561983024,1.48226709352372,1.45040960188257,2.58253013380234
"250",-0.0804585480010296,-0.378218605340088,-0.111436510196543,-0.201985652473836,0.231122276211512,0.621005489330041
"251",0.505718286316388,0.107976343301112,1.22526559215736,0.616614100446014,0.0230160772619125,3.44114440656476
"252",-0.0356366643271942,-1.21676847640261,1.00052529600665,-1.54633312918357,-0.0317812532515316,2.51103962224914
"253",-0.687986915438505,-0.260330129583949,1.40544685528815,0.844783203301197,0.0383496740934117,4.54518076026897
"254",-2.26704166661389,-0.00334806861940241,-0.225814532752913,1.49813846939097,-1.25939547902559,-1.65702172567672
"255",1.39569925777947,-0.982713822760187,-0.00014086804982122,0.0685988892147647,-0.79693806577593,4.16174791180197
"256",-0.951645822153422,0.772368069787195,1.01413913780788,0.548960292630309,1.84621364337547,3.59303905063871
"257",-0.113885332652708,0.953489745233172,0.436075757684267,-0.77281946098245,-1.40425984994635,3.85191328087483
"258",1.24527370101921,0.714877540043872,0.0724793448736002,-0.836105849626087,-0.982488553306181,2.15831384430336
"259",-1.02373811463559,-0.454834589304296,-0.182370760413785,-0.0855462566620421,0.341525232357945,0.645990866329644
"260",0.357382862585513,0.291626613254194,0.892497767851129,-1.39150337203419,0.762890962798469,3.34408713389646
"261",0.327878449301826,-0.966918478246853,-0.519050412421279,-0.0169055568361436,0.00963334345714021,1.41800951920432
"262",-0.200394350668288,-2.42993638265521,0.0569165968356273,1.75965818031493,-0.743912103132532,5.05817971026022
"263",-0.871700324033948,0.914181869160145,0.875954934759528,0.82636706700153,-0.682280832271402,2.0107832211307
"264",-0.951467115459611,1.10530359278702,-0.955461396231748,-0.373601416629862,-0.637612801215794,-0.00407712825030504
"265",0.464057727093522,-0.258560767298139,-0.881185350851311,-0.6092309711364,-1.28516639240136,1.4752034965489
"266",-0.196412244472736,0.376588322262851,0.0401966359671428,-0.678684969449608,0.304638134268813,1.43477716913701
"267",-0.179035313914054,0.886384346842273,-2.27498863905917,0.445429706409311,-0.760196192000506,1.52298983813459
"268",-1.24448214387049,-1.86520670974566,-0.947557298908697,-2.24739615538917,0.743993345298372,4.06372997963844
"269",-1.27026129713505,-0.41886933819137,0.173778684481461,0.353975876522345,0.162762723991701,-1.27834417774826
"270",0.308392413025367,-0.640667940287107,-1.08278361710786,0.397440452522218,-0.179596757046154,2.03361601771344
"271",0.436609950064749,-0.810576182802657,0.0693748687071382,-0.392846945582973,-0.41326339125056,0.181471681927782
"272",0.102963966354612,0.289953351874232,1.38557472291398,-0.135094746020013,-1.04428700365081,5.08758953747672
"273",-0.355293036114404,1.7532703980006,-0.172958820952085,-0.255182249636981,-0.177237978693677,3.37245710571397
"274",-0.259904862842654,0.277173546997835,0.50428584413765,-1.38309063649333,-0.567545145433984,1.61574237537785
"275",0.719056287220954,-0.267233120285064,-0.808262069407833,0.415515248372153,0.0500840920307563,2.24339324468956
"276",1.41507181768471,-0.262922588788432,-0.987642711042309,-0.981702787111237,0.0626155167936035,1.66624459028512
"277",-0.14273593103095,1.77368722868616,0.228786930616953,-1.82460429155394,-0.686568651787427,4.95393101574515
"278",1.33227932858543,0.738874232363185,-0.260735529109107,0.957910547709066,1.03800633839278,1.35249478861628
"279",-2.54079155293837,-1.10441227754373,-0.510419934376181,-0.0144591966078543,0.495620354447902,-1.35209842164456
"280",-0.622415898828,0.443894286441239,0.144146320702202,-1.6756731030034,-0.0791242783512009,1.93283572085056
"281",0.291356634543196,-1.08574925615852,1.41312190790146,-0.287681678021249,0.657222239171252,4.94478239145374
"282",1.18968257212548,0.424706508722026,-0.403879678412007,-0.0487867650174689,1.03575629609386,3.3233571994279
"283",1.13025677181782,0.175236609818151,1.38771450359746,0.493516792052241,-0.692722032557238,6.80434787240693
"284",-0.399905565110773,-0.389074532040448,-0.563652867298925,0.252418787421979,0.951475104487983,0.959297226852121
"285",0.518919832185179,-0.503407558401407,1.28053934758567,1.66337152474221,-0.00796047061977744,5.61598707310984
"286",0.74369321415505,-0.16499088007793,0.626325125055957,0.290722138206361,0.168433089214642,2.68072509119182
"287",-0.683464292988326,1.30886192311076,0.253965037643408,-0.783763357121314,1.51415024653543,3.22077196281149
"288",-0.494968170339927,1.5711413986773,-1.57998344644407,-2.09575256006038,-0.167299412040243,1.30192399660263
"289",-0.744095642481805,-0.0970381651999799,1.11269543455322,0.942211317008065,0.555856521375254,3.49129063385214
"290",-0.777923297476378,0.345956194116351,-1.11952694734156,-1.27350964776736,1.64975212286507,-0.806861265032633
"291",-0.284953190169817,-0.352003001320897,1.13376147757067,1.92047175959927,0.304770609443807,1.41555985822986
"292",-2.86364508151758,1.70586459566968,-0.0304284641831887,-1.31120170157125,-3.01313450208926,0.873869993508869
"293",2.53114272454076,1.24505558969506,0.610154504829195,-0.246805682558811,-0.83143250221451,4.18522424235985
"294",0.71181993300414,0.0732747251945252,0.665026977268786,-1.13134108035329,0.630463298272963,1.53483573658131
"295",-0.925822036633943,0.138596043435426,0.494685827030642,0.885355765110253,1.88453272661341,2.13707438528188
"296",-1.13007402897088,0.465137533733167,-1.68840356512194,1.79776064598239,0.941556339197445,-1.13038446649969
"297",-1.01396450627352,0.0546388717215294,0.105700199926445,2.82904780359016,1.25468520718173,-0.332920108484383
"298",-1.46383608464346,-0.437544576279883,0.636142481433724,0.159984689151138,0.691123461560047,0.0506413089211113
"299",-0.950558111449049,-0.594898671064906,0.0527549407925498,0.330113773602741,-1.12133761097886,2.62163106105518
"300",-1.22718141041798,-0.985234490020537,0.518272932319962,-0.576957459263804,1.29446876453465,0.243642212249171
"301",-1.86377313865873,-1.34036517925452,-0.708954453859987,0.50736131629097,-0.633362725879607,0.649613272501284
"302",-1.14570865480684,1.30272584305774,-1.15211725253502,-0.331506316542898,-0.425997989103019,2.17394366545168
"303",-0.412018020408547,1.20091228926962,0.456832189476781,1.47261646432724,-0.885704181689185,2.83518212589369
"304",-0.364547733195614,-0.605721157630253,-0.246992851891906,-0.565079709781186,-0.560651631913264,0.518677554315717
"305",-1.11331337919802,1.68858398392388,0.448295568705503,0.204998579256035,0.454612021011039,2.94294394787827
"306",0.647596890482162,0.318401815709335,0.181520022598006,1.22830129741921,0.235065197407863,3.04248705884533
"307",-0.908581162679786,0.30313648655999,-1.82508419109925,0.265164474240939,-0.473669859123565,0.332552050867487
"308",0.587973713912953,-0.988258428788899,-0.792769454210503,-1.53272278708288,-0.891000334872472,2.1153782938468
"309",0.685781839777311,0.654250435304433,0.0634102957039643,-0.474955100804043,-0.861390684074227,1.79093591140795
"310",-1.5589444900287,-1.30572544686063,0.313244784091417,-0.0594771330369814,0.54924772261652,2.22009061476966
"311",2.46347168407774,-2.01957752484072,0.522583532696405,2.1796695237856,2.37745851571027,8.18291685378042
"312",-0.119582698655226,-0.517973506715986,1.2244723711569,1.61140491257111,-0.298540387636304,4.3424721038714
"313",0.149200106188461,1.95338181576505,-1.47220129611556,-1.05544213311536,0.763311001522076,4.167579590623
"314",-0.348913616491454,1.03138507002264,-0.00924646968104596,-0.326318435075285,-0.476291005592704,1.80373335243305
"315",-0.0469959100948468,-0.620173520445392,-0.0764903439370706,-0.924318258168376,0.228114355204452,0.151749003165692
"316",-1.52664152583117,2.05539336882852,1.21382578381014,1.51270436665275,2.30588238806828,6.65810444651951
"317",-0.0522359287088145,0.514272817751173,-1.18365337717341,-1.57741558620345,0.919758506356279,1.49174702082464
"318",0.329836364715427,-1.04823287288724,-2.5650055289864,0.18029550215024,-0.487523024507852,-0.225323046797768
"319",0.0514139263260796,-1.9933724535946,1.19346001014506,0.337815158560644,-0.597486034539029,6.09282350267732
"320",0.706392438011193,0.0643543760926201,1.50108960461304,-0.0663252115689689,-1.79017817376852,6.11778118126362
"321",0.422974042791375,1.5333903238693,-0.420114123437364,-1.13603610463187,0.537472212489733,4.52275617977522
"322",-2.4091328661154,1.31481041496414,1.40357069285889,-1.632710177183,-1.02099840542239,2.70997697067691
"323",-0.735995545439443,-0.600988109294733,-0.682460185653119,0.567286766626499,2.52795938604082,-1.16731080841991
"324",0.177043347250461,0.210988634063823,-0.696620892322112,0.667494583470649,0.530379843625601,0.955293986641626
"325",-1.00684970427665,-0.213617100971285,0.519834881602178,-1.79597827277524,-0.927369550706242,-0.819604796809042
"326",-1.33734724209176,-0.852095961964185,-0.0218214814967891,0.967598554293201,-0.304678614606463,1.39254787667367
"327",-0.447938665251533,-0.686898991608349,-0.821054127594374,-0.174305868343827,-1.23518501682735,0.106215961676191
"328",-0.375822235744235,-0.480307665398397,-0.565998320352196,0.160471969850654,-0.211177887195416,-0.330747698407024
"329",1.696156955581,-1.28087209200956,-0.664937684659638,0.0320112809632064,1.07414275876534,3.54772600779334
"330",-0.653471101032324,-0.988822538628044,0.142308689787459,0.322372249702542,-2.27675484044161,0.0828781131438139
"331",-1.13459931734903,-0.597502689577299,0.764928027228615,1.0015614522496,0.583785802503882,1.60138185045692
"332",0.430957300436238,0.0916310132354383,-0.687451432303454,0.17327495303213,-0.368795276407944,1.32485089354462
"333",-1.02857912644387,0.973176021149217,-0.0341781384588844,-0.0564442363118628,1.36470126681866,1.81119161782609
"334",0.1853216361517,-0.836939775232819,0.785682588619396,0.0761730775432307,-1.31764047250184,3.07192457425655
"335",0.177801721852243,0.682043880894426,-0.512420797960862,-1.75049876619826,0.440511984691456,1.85922461270454
"336",1.30428694618691,0.355618813436741,-1.70281210316631,-1.72508294253858,2.04515323291715,1.91535029403687
"337",0.154699502304773,1.24053342966984,1.15408099421124,2.73031846397109,0.141311090906374,3.94281684249204
"338",0.754145165557886,-0.971154929270635,0.0175527738172359,1.19536501844876,-0.587291654682248,3.43608614894076
"339",-1.19162045077881,-0.715935967963913,-0.369474146286708,0.259292850691295,-0.0731449800056998,0.354142932460702
"340",1.63785202412626,-0.894616434980556,-0.124402186642805,-1.22940471266516,-0.439883396683934,2.76511526164031
"341",1.28139289580805,0.966420844425855,0.75753719040381,0.250794074169031,1.84086349796202,4.73245469867982
"342",1.09037527708939,0.431062371637203,0.763613170849095,-0.954805250996682,-0.617613427220961,4.59930224073736
"343",-0.898950967450244,-1.7754751775479,-0.12257937320136,0.117031512938615,0.0285481713654597,4.79184514370449
"344",-1.21142433321429,0.659600849844397,-0.235541415045799,0.161451459148763,0.358377571616502,0.140556383481369
"345",1.7742998817727,0.677107265886827,-0.518079350604765,-0.333752805465821,-0.107083364419874,2.43526055607453
"346",0.600475182189836,0.853961287179802,-1.35190297898039,0.487919543339066,1.05261132097859,3.34015546175894
"347",1.31372810256846,0.577105691646421,-0.593350430814294,0.746745809729176,0.50802463564419,4.80675746360926
"348",-0.595055857305089,1.55290022412545,-0.401480057750986,-0.391755894229822,0.210744400742387,2.66579574456881
"349",0.25999546168871,0.924799241363586,-0.100256277518702,1.02183233650997,-1.74758396466645,2.78926340823434
"350",-0.175901681837474,-0.793709721570125,-0.112212681417405,1.01100209038674,0.920813154729289,1.88730777115622
"351",-0.178099547361017,-0.0408175563731702,0.527428899104739,0.34400852441413,1.76187224192496,0.280988044469641
"352",-0.76334361072596,0.91406543614014,-0.340390869882695,-0.00483251089208769,-0.710674303834274,1.41295891366785
"353",-0.842616457044717,1.84428436128995,0.923019243776419,-0.379444873337503,1.15959163504787,4.20495993413945
"354",-0.810773140114526,0.936633615144406,0.32673260321739,-0.614885736730671,0.0745418084860353,-0.0525456813433542
"355",0.790779057008381,-0.39103707844394,2.02371012258351,-0.462026374904219,-1.55098997790197,6.21412773352667
"356",0.774416673332506,1.21036639383187,-0.114166249801898,0.21134764725021,-1.04157906950799,2.47826978393583
"357",-1.42870954169953,-0.106699866178174,-1.26423743698854,-0.709300293759195,-0.846710400871211,-0.717726670250531
"358",-0.0681976444081213,-1.11631143553986,-0.480155367671016,0.476578897686297,0.209778264006496,2.37891406557591
"359",-0.429472264933957,0.104383653202101,-0.140664885316052,0.872323286361553,-0.435777216859711,0.539717213147396
"360",-0.0569256879047925,1.60267513000248,0.131920168038264,-0.207475611180441,-0.233372782757952,4.43201698777123
"361",-0.436716312392419,-0.0520291340308224,0.543707463507394,0.709908421018567,0.0504728656334243,1.04981036991636
"362",-1.23913050370311,-1.0300485704173,-1.1227895839094,0.476076970999747,1.5456601136143,-1.25892445004517
"363",-0.979086106629758,0.709894620423353,1.25609551108183,0.485640410542031,-0.381055222247238,2.29749358163232
"364",-0.895838766598615,-0.565199447131784,0.79822383885047,-0.220924840991324,1.7400935326764,2.19436840639012
"365",1.34258374120687,0.373034771370125,-0.0122482076484054,2.78214112743,0.777404741103904,1.63959750774394
"366",-0.160914196522745,1.52769802974712,-0.472701849354362,-0.131357051152875,0.968069008396799,1.60239374172824
"367",0.721790903646242,-0.411812626717117,-1.46344533194701,1.3833022333908,0.329335008160308,1.19370494719061
"368",1.90786646193804,-0.753479003298706,0.915555431869558,1.17712620837987,-0.0073943294851603,5.50596463155189
"369",-0.287205903293486,0.127955303730012,-0.952497789020716,1.06187106225463,1.1180082708145,-1.30081370929949
"370",0.570408091127943,1.28009396740003,-0.678949754868569,-0.683339278541448,-1.48400003112524,2.20066274596206
"371",0.755400917208144,1.38263338870985,0.384714491373597,1.17646125982488,0.925103130580013,4.72338190467189
"372",0.953234570305202,1.15878702191209,1.33390654726364,0.806332123942968,1.99964075792167,5.32829013443087
"373",-0.651046598017802,-0.200073693536426,1.27916247921572,0.341607046001528,-0.0238579354194496,-0.364667758493568
"374",0.627932829375994,-1.0142957951705,0.126312315446204,1.11007953234589,-0.319306382866986,2.48805302004059
"375",1.70610484684574,0.5865428906366,-0.919739560851138,-1.95956808720877,1.84815435548497,3.223187402233
"376",-1.24874092485679,-0.364999830939939,-1.35099159177753,1.33481512268325,-2.03107078348642,-0.732444492718633
"377",-0.00978407653519634,-0.426974937470704,-1.81993396425906,-0.0450548733264052,0.257741696698962,1.45926560532317
"378",-0.0203517782596213,-1.35129861352394,1.32303230821257,1.07775207481242,0.514891097565397,6.30987229029955
"379",0.944455137240155,0.0170151173565655,0.769931619778091,-0.821097936259655,0.414484038635234,4.19820479855393
"380",-1.19372730502622,-1.25753486763307,1.14509384937045,3.01309025976723,-2.1192924133326,4.4317512821297
"381",0.306513399069856,-0.358772811958779,1.9303342027448,0.918484257794902,1.04230954861717,7.07572639397908
"382",-0.434237222999063,-0.802271563577801,0.789094764436116,-0.485563336365722,-1.5449929311729,1.3097162964324
"383",-0.0285949430412504,0.436691127910527,1.86891961559803,1.26021916824571,0.727053776044461,7.82189911390254
"384",0.652558528847528,-0.471346313103722,1.07104601000629,-0.794864991887675,0.131889079209534,3.39500826236943
"385",-1.00583737062917,0.45165014988599,-0.933009751905303,0.361456646401086,-0.614941734161061,1.9198422645345
"386",0.1411676161619,-0.6820111738842,-0.556228440036746,0.484051548993071,-2.22990559966919,0.875570125168297
"387",1.25710376038707,0.713297634865542,0.800070624736995,-1.99564225931688,0.277073106875815,3.07835109101561
"388",0.940999731202827,-0.764932132436477,0.132343547689234,0.69845361246669,1.01075752493333,2.9594788085095
"389",0.643287925771661,0.616145523456795,1.62209489529817,-0.112977833780485,-0.613615053632438,6.6538527960566
"390",1.01120000385725,0.437405302116088,0.476686684891962,-0.826680720485748,-2.76602554761607,1.64639086172532
"391",1.71296358210835,0.972250051052783,1.27337092732368,-0.726975947043347,-0.14546371961562,7.07332186196286
"392",0.289434119502629,-1.12309581637157,1.7206602605503,0.50324587295739,0.66379100426929,7.51803384548429
"393",-0.802883328589652,0.532319909956537,-0.869458150582127,1.03166645100934,0.0731774251890947,1.44066473908869
"394",1.45099438671726,0.349043260307535,1.32251543711902,-0.0885620708875907,-0.681797368457789,5.30459149003793
"395",1.66991578426365,-0.593358142722196,-0.0274703104399703,-0.0703995277724616,0.779525387629168,4.24490950672973
"396",0.115029614214124,0.0908257067114277,-0.152770374224017,0.132997995016269,-0.390547497128151,2.68236557876888
"397",-1.87175222620151,-0.388554001036992,1.01917198899595,0.588284570996179,0.383510205963061,0.0123397209942335
"398",1.47166307278312,1.25553008743408,0.39439246527895,-0.100744809452135,-1.29806395217236,4.64235585980474
"399",0.34489042997211,0.513159502873294,-0.706265662329624,1.22086236180479,2.59610359819757,2.40199397382185
"400",1.5949352409211,-0.974415231901362,-0.0154394765847947,0.841683239815089,0.475135802597463,4.30573108763203
"401",-0.877583127386995,-0.599848167740166,-0.170330289991648,0.586916888526952,0.0733292768960867,0.640581025726224
"402",0.370400308819963,0.706496014927664,-2.11104804076291,1.0556843545674,-0.483987308996671,1.1759172472699
"403",-1.63934930771418,-1.2065418139838,-0.232629164701863,-1.3995879059139,0.167392895457306,-0.680104298765793
"404",0.879503845091312,-0.418704990182521,1.24552104605585,0.11473015527701,1.98278955068058,3.53674569763051
"405",0.225428662050855,-0.0331416344857431,-0.196596356770531,0.710744833016494,-0.187035911029396,0.0425887793634527
"406",-0.705997892346706,-1.53486485623816,-0.597938600242044,-1.79517644073498,-0.0210391029520657,2.03750467670536
"407",-1.32710547114654,1.58696414663066,-0.447951897540244,-0.000935622287934139,0.0147877080925898,2.40984011301257
"408",0.0839943986029466,-0.175569270393841,1.37591623605801,-0.564570456615563,-1.34850760092714,4.01794600778579
"409",0.700313614601561,0.345044353480197,0.0960952568451232,-1.55040995072689,1.24196982637723,3.44426985692806
"410",0.422484704615112,1.2068340697672,-0.641374004379819,1.70955507262295,0.0347342113841439,2.80290817871091
"411",-1.87072838120091,0.0370953282035355,0.639083847217608,0.972509216438807,0.0588447689663762,-0.644027861561478
"412",-0.182041883904621,-0.434503327125811,0.309627617388315,1.11560673703785,-1.61236697897548,0.770436454318945
"413",0.497559620319688,-0.627463837395925,-0.257996932290761,-1.79110567025524,0.173173047128685,2.12195760665438
"414",0.0981768538579905,0.388647451118116,-2.17319565691557,0.682691807825076,0.0959830190018867,0.948402346465239
"415",-0.30542930750554,0.377672872212917,0.606954101345062,1.01562150978295,-0.619595337629448,0.685052452880045
"416",1.22887809367184,0.356802125435991,-0.0561724089016506,-0.526519790596389,-0.0607887827865694,3.16899163145536
"417",-0.003385230839879,0.237391759202771,0.656629295533199,0.570117215383195,-1.46016434746283,3.23375200316511
"418",1.11307505580201,1.38268786148526,-0.191842272718495,-1.40848297259368,-1.2915238812442,3.45015866130451
"419",1.42072865241945,-1.35724837184692,-1.85167890143956,-0.640061596197172,-0.857491791981642,2.72410376596917
"420",0.406523296299517,1.14562758715939,0.373817823431585,-0.0096643420475836,0.471184921113542,2.65432819144593
"421",-1.12801943608322,0.570888947164166,-1.76167154048929,0.886453370855166,-0.404068151499175,-0.0752408106641095
"422",-0.692150919322452,0.385521828647743,-2.43680863650153,-0.0782964772485192,-0.274055376723878,0.162306000818235
"423",-0.829252909775343,-0.971222579069256,0.268234073473913,0.462505282102604,0.225774544911685,0.169248683328281
"424",-0.354415953174711,-0.928413386064404,-0.735622097802303,-0.628225487776208,0.0854008983831934,0.93139637578886
"425",0.566192627609993,0.574750091499352,0.393311698448937,-0.600334770939372,0.927424202925719,1.89248793548801
"426",-0.516294976538938,0.796431264049121,-1.25817146578628,-0.315616879505177,-0.868668213547786,-0.653363647854269
"427",-0.0675081533736342,-1.35121403214948,0.0379373237185993,-0.995361807966921,0.69119177778967,5.05283130351911
"428",-0.525375860856432,0.762628974316563,-0.471022878814233,0.570900636473576,-1.23819211323137,1.06769380600773
"429",0.568622820080201,1.76355389437702,0.120455978386172,-1.3774553576445,0.588321461152106,4.25564958843651
"430",-0.455752279077203,1.04481423248932,-0.294378505267784,-0.73708186902438,-1.6082621297025,2.40798498384771
"431",1.54262321879589,-0.936352150424788,0.00116495125027733,-0.480586910940633,0.445692110188547,4.23390421460526
"432",-1.84929617388418,1.23853696022252,-0.935866405835202,0.287415523071946,1.24641274396346,-0.713105679390414
"433",0.388733596705451,1.1864040231027,1.56809112197435,-1.08967312648095,1.59007061108896,4.94451742396712
"434",0.0857824770186725,0.771088635177751,0.475117965066344,0.045639013696466,0.297200824484028,1.66505585549662
"435",0.132746315722736,0.462791064095652,0.852295452687735,0.458392492155908,-1.52343772646802,2.39624580052655
"436",0.340441421260895,-0.688988358979419,0.545256589239364,0.26234309350268,1.52363005286513,3.32445672609416
"437",1.06734277654284,-0.650645710069117,0.722272438761243,-0.203913443860607,0.479198753068031,4.1446702098336
"438",0.218723450134463,1.38585780025894,-0.250536496070329,-0.240600117278266,1.32648893419824,1.64557474715122
"439",0.655504746455335,0.949846515366134,0.0528059563511039,0.969447306462275,0.83782568293541,1.43482873086945
"440",-0.0606148990992755,-0.508959558991191,-0.0931100039868439,0.194039515260649,1.07556922113903,0.108644279345533
"441",-0.308317587160358,1.28867163336052,0.631602975096059,1.14087418748017,1.21077546237583,4.45576731040181
"442",-1.79130894813396,0.075793004360391,-0.919480679172705,-0.609590906365046,0.563921230529342,-1.66632501350192
"443",-0.0488550212001674,-2.06273152801435,-0.907266475090888,-1.35741243195977,-0.761833699299737,5.3148939432117
"444",-1.55344897866781,-1.06259410109981,0.575578843821905,-2.25980887709824,-0.315180468548035,0.130703539341399
"445",-0.10166017961618,-0.382152465537063,2.1243082126533,0.145475190135497,-0.682920255110072,8.04405858806831
"446",-0.479272100507871,-1.05050493050578,0.690425658057917,-0.731049836309275,0.461699326035507,3.1484885491641
"447",-0.226360277043446,1.91597775343588,-0.595883151615257,1.56019832145225,0.602059056171907,4.53056525214643
"448",-0.257737401514336,0.957908906540997,-0.13615129510287,0.190706961280989,0.656457077604764,2.01438782627583
"449",2.23772836019112,-0.305529450583983,1.46928581974399,-0.263712725067583,-0.571790468517117,6.81884918458425
"450",0.87737540217551,1.14371217575531,-1.14502443675526,0.394202530278249,1.01709943880976,4.86500985642727
"451",-0.0326405110160468,1.3439124103708,0.52624385454262,0.0219641037873592,-0.187211257469785,2.93182579600836
"452",-0.246987032324563,-0.744825701827574,0.932991105502016,-0.67172973090582,0.916045092249775,4.79124054610542
"453",0.524788207371265,-0.535596969114462,-0.566567977424183,-0.754260564845489,0.969157223938028,-0.103860300879498
"454",-0.0722636432796194,0.337797767525169,2.03240521534791,0.18602516753241,0.394869896991861,7.19049825141438
"455",-0.492451826642233,2.41602706192593,0.597104599700467,-0.10931685709939,-1.5686248631106,6.29036870572732
"456",-0.130869148127203,0.248500813183687,-0.932128211320118,0.0139382811061648,1.09435046121589,1.05647759170914
"457",-0.28866996175714,0.639132907097919,0.397001592508099,-0.567954657929821,-0.355719773971176,2.83620827542955
"458",-0.271796129945135,1.38825394459751,-0.18180710773276,0.827757634134122,-0.668594901843528,3.70504481067891
"459",-0.977946308125911,-0.323056447338829,-0.933193788447747,-1.4833794003163,-0.828053371579471,-0.25053889999725
"460",-0.416737064394508,-0.529014200230628,0.932054692735226,-0.163518894842974,1.28273126716829,4.07863010563478
"461",-0.298199690579902,-1.77274401270473,-1.0182374079152,-1.66061045367562,0.486230794677362,0.806105601941895
"462",0.394672914177746,-0.896677091822919,-1.23146676888008,0.32492065982007,1.04190666665117,1.53077345800015
"463",0.71037685354749,1.63020103323505,-0.334636300263227,-0.547736573864857,0.509580499599763,3.67926369233331
"464",-0.875343103792948,-0.448028239934857,-1.6360198023966,2.34014464434957,-0.352187915965739,-0.033960217746566
"465",-1.03367478942069,0.382294887234866,-1.86107123382885,1.11482499940821,-0.8915510104591,-0.896027545307793
"466",-2.08328281209664,0.436610439419549,0.781695983924425,1.390358108979,-0.797829353364486,1.19480708337856
"467",-1.39574830650153,-1.54218360522212,-0.478670195561996,0.330088955758393,1.16118024595808,1.75066165622186
"468",1.25129939720658,0.19782610176842,-0.248429554424874,-1.75237262405736,-0.487507442629323,2.59587310785022
"469",-1.18548025792761,-0.697395028152638,0.195947000052965,-0.319832817345583,-0.576385588635828,1.43413105038497
"470",1.00763139786748,1.20848598142224,1.06919956331481,-1.58915038058357,0.07050941498964,5.5523472955429
"471",-0.266061041584462,-0.788852813542535,1.02967589766974,-0.479013598021758,1.1763122376141,2.9661953744193
"472",1.57321532525255,0.872622250207043,-0.14541135447683,-0.479822714089536,0.271154561776511,2.58039144092821
"473",-1.71159605229249,-0.673953664472302,-2.52942559141202,-0.664299748136121,-0.129065994841815,-2.94607842445679
"474",-1.38591057163722,1.48960317510748,-0.175629452058216,0.849197204825971,-0.5891019101255,2.13458202290748
"475",1.35492332210563,-0.664701295399042,0.598036178398337,-1.5809873130507,0.918291671713354,4.96280614985032
"476",-0.914594124115698,0.935187502361761,0.386677667818977,0.673385975912806,0.249706511700659,0.457875343434057
"477",0.703516589510665,2.57207295361191,-0.811256960593256,-4.12799607517924,0.454425307008419,5.62790155423999
"478",0.105776014583834,-0.908601873160182,-0.0152933488320542,0.862771002134637,-1.68418239146793,-0.0206553339793121
"479",-0.428414503628283,-0.494283504910787,0.517366240121994,-1.1205943235193,-0.0746708343198015,1.81983479842186
"480",0.844575424718747,-0.414688069461156,1.60279274997419,-1.99895615511213,3.01315770149787,6.1371043990879
"481",0.445695294988498,0.948929923761777,-0.384128217282575,-0.291267264273495,-1.45572014701808,3.67214231780064
"482",0.0183815539751424,-1.0028281248586,0.645197170366124,1.43144073861053,0.185766361476085,2.89164754856461
"483",-0.775185276630266,0.796193562343931,-0.843549760758043,-1.47119806811965,0.208896388274728,-0.17997165631556
"484",-0.552429985255163,1.5099439847755,-0.0713800025865238,0.482849034367555,-0.816168571082546,3.21805173378785
"485",-0.431363828992124,0.883608552164227,-1.29162848749159,-0.682578614703651,-0.993781417292992,0.729263483886068
"486",0.342820812115073,-0.65420384476686,1.17052605940355,-0.679974984639362,0.0828736653820022,4.15421524417693
"487",-0.94979431783937,2.49751923819191,0.463251172635781,-0.823067751458971,0.291264330037343,5.57616866588181
"488",-0.759466207900244,-1.27807764930326,-1.13788319350643,0.430060593772867,-1.55579835200031,2.87879449200861
"489",0.246664475466788,0.442872717079382,-0.389691107896066,0.0436399013592148,0.680260743900983,1.2904384987741
"490",0.407618843256466,0.260486548548092,0.586312898791435,-0.152351462056603,0.681452162018671,1.64532318837781
"491",-0.453552621288064,0.680083135418775,1.92078428187558,1.61184590071859,1.77277241239192,5.66660013910507
"492",-0.405535325138174,1.11093911487924,1.16107520760955,-2.07656028657593,0.513763501961701,4.18517532050597
"493",0.579052742384446,-0.565244288090336,-1.60602863789415,1.13777592048477,1.62104315534915,0.366861418331116
"494",0.75930305180554,-0.338654135699147,-1.42887069341868,0.343623954323466,-0.725659426279358,2.25317219357449
"495",0.773094944166153,1.37044348963363,-0.223180351006581,1.1092433652312,0.884972167080412,3.79415023919757
"496",-0.15283490758045,-0.411854826534303,-0.540295249187298,0.53603188070645,0.496738167579853,3.10803384854022
"497",-0.00529762135453427,0.322469865310331,2.80066450890682,-1.47918934254385,0.62196987855599,16.4513798856901
"498",0.588474056253089,-0.613995796095909,-0.48409971477552,2.35000074198776,-0.362409920569542,0.487795690215564
"499",-1.90175245907809,-0.734660976599883,0.15652514744178,-0.446586787256118,0.61932413572849,0.807249042538014
"500",0.383511701942151,0.00642040263396071,0.835894615526533,-0.11310410530039,-1.3061917079315,4.46566237163911
